{"0": 127.429664803296, "1": 641.2993621355878, "2": 1952.6526258068761, "3": 4250.537838277794, "4": 20330.832638697826, "5": 123382.014903467}