{"0": 8795100.0, "1": 687752920.0000001, "2": 9082692520.000006, "3": 84694993879.99997, "4": 1146525800000.0005, "5": 1058245300000000.0}