{"0": 0.0370274604708424, "1": 2.38751459896695, "2": 5.70591931589091, "3": 10.531652357345461, "4": 19.773841896690687, "5": 60.5049108886627}