{"0": 1037.0, "1": 19838.600000000002, "2": 105775.40000000002, "3": 330068.6, "4": 3622268.600000001, "5": 138198141.0}