{"0": 0.0, "1": 2.3796000000000004, "2": 26.813000000000002, "3": 312.7206, "4": 3404.1610000000005, "5": 175509.343654396}