{"0": 5000000.0, "1": 636200000.0000002, "2": 2561689566.248049, "3": 12806855026.399998, "4": 82502732042.648, "5": 6691493046971.57}